{"cameraMode":{"drawMode":0,"name":"Shaded","section":"Shading Mode"},"sceneLighting":false,"audioPlay":false,"sceneViewState":{"showFog":true,"showMaterialUpdate":false,"showSkybox":false,"showFlares":true,"showImageEffects":true,"showParticleSystems":true},"in2DMode":false,"pivot":{"x":2.2403082847595217,"y":0.35358667373657229,"z":15.94550895690918},"rotation":{"x":0.007440274115651846,"y":-0.9925481081008911,"z":0.08357121795415878,"w":0.08836700767278671},"size":53.149845123291019,"orthographic":false}