{"cameraMode":{"drawMode":0,"name":"Shaded","section":"Shading Mode"},"sceneLighting":true,"audioPlay":false,"sceneViewState":{"showFog":true,"showMaterialUpdate":false,"showSkybox":true,"showFlares":true,"showImageEffects":true,"showParticleSystems":true},"in2DMode":false,"pivot":{"x":0.4700322151184082,"y":-2.5806922912597658,"z":1.8384933471679688},"rotation":{"x":0.31661689281463625,"y":0.15946528315544129,"z":-0.054087091237306598,"w":0.9334876537322998},"size":15.4584321975708,"orthographic":false}