{"cameraMode":{"drawMode":0,"name":"Shaded","section":"Shading Mode"},"sceneLighting":false,"audioPlay":false,"sceneViewState":{"showFog":true,"showMaterialUpdate":false,"showSkybox":false,"showFlares":true,"showImageEffects":true,"showParticleSystems":true},"in2DMode":false,"pivot":{"x":7.800941467285156,"y":4.5043182373046879,"z":-29.29334259033203},"rotation":{"x":0.1771995723247528,"y":-0.7553820013999939,"z":0.22747433185577393,"w":0.5884333848953247},"size":31.367387771606447,"orthographic":false}