{"cameraMode":{"drawMode":0,"name":"Shaded","section":"Shading Mode"},"sceneLighting":false,"audioPlay":false,"sceneViewState":{"showFog":true,"showMaterialUpdate":false,"showSkybox":false,"showFlares":true,"showImageEffects":true,"showParticleSystems":true},"in2DMode":false,"pivot":{"x":2.1669492721557619,"y":6.246853828430176,"z":62.63441848754883},"rotation":{"x":0.007440274115651846,"y":-0.9925481081008911,"z":0.08357121795415878,"w":0.08836700767278671},"size":50.97744369506836,"orthographic":false}